{"Toy":"Toy{name='Big_boss_red_cat', popularity=6, size=5, ID=1}"}
{"Toy":"Toy{name='Gray_bear_mila', popularity=10, size=7, ID=4}"}
{"Toy":"Toy{name='Big_boss_red_cat', popularity=6, size=5, ID=1}"}
{"Toy":"Toy{name='Losk_black_snake', popularity=4, size=9, ID=7}"}
{"Toy":"Toy{name='Yellow_iron_giraffe', popularity=8, size=10, ID=12}"}
{"Toy":"Toy{name='Yellow_iron_giraffe', popularity=8, size=10, ID=12}"}
{"Toy":"Toy{name='Gray_bear_mila', popularity=10, size=7, ID=4}"}
{"Toy":"Toy{name='Gray_bear_mila', popularity=10, size=7, ID=4}"}
{"Toy":"Toy{name='Gray_bear_mila', popularity=10, size=7, ID=4}"}
{"Toy":"Toy{name='Yellow_iron_giraffe', popularity=8, size=10, ID=12}"}
{"Toy":"Toy{name='Big_boss_red_cat', popularity=6, size=5, ID=1}"}
{"Toy":"Toy{name='Gray_bear_mila', popularity=10, size=7, ID=5}"}
{"Toy":"Toy{name='Losk_black_snake', popularity=4, size=9, ID=7}"}
{"Toy":"Toy{name='Gray_bear_mila', popularity=10, size=7, ID=4}"}
{"Toy":"Toy{name='Losk_black_snake', popularity=4, size=9, ID=7}"}
{"Toy":"Toy{name='Gray_bear_mila', popularity=10, size=7, ID=5}"}
{"Toy":"Toy{name='Losk_black_snake', popularity=4, size=9, ID=8}"}
